/*
 Navicat Premium Data Transfer

 Source Server         : Local Database - 5.7.42
 Source Server Type    : MySQL
 Source Server Version : 50742 (5.7.42)
 Source Host           : localhost:3306
 Source Schema         : sky_take_out

 Target Server Type    : MySQL
 Target Server Version : 50742 (5.7.42)
 File Encoding         : 65001

 Date: 18/11/2023 10:35:34
*/

SET NAMES utf8mb4;
SET FOREIGN_KEY_CHECKS = 0;

-- ----------------------------
-- Table structure for address_book
-- ----------------------------
DROP TABLE IF EXISTS `address_book`;
CREATE TABLE `address_book`  (
  `id` bigint(20) NOT NULL AUTO_INCREMENT COMMENT '主键',
  `user_id` bigint(20) NOT NULL COMMENT '用户id',
  `consignee` varchar(50) CHARACTER SET utf8 COLLATE utf8_bin NULL DEFAULT NULL COMMENT '收货人',
  `sex` varchar(2) CHARACTER SET utf8 COLLATE utf8_bin NULL DEFAULT NULL COMMENT '性别',
  `phone` varchar(11) CHARACTER SET utf8 COLLATE utf8_bin NOT NULL COMMENT '手机号',
  `province_code` varchar(12) CHARACTER SET utf8mb4 COLLATE utf8mb4_general_ci NULL DEFAULT NULL COMMENT '省级区划编号',
  `province_name` varchar(32) CHARACTER SET utf8mb4 COLLATE utf8mb4_general_ci NULL DEFAULT NULL COMMENT '省级名称',
  `city_code` varchar(12) CHARACTER SET utf8mb4 COLLATE utf8mb4_general_ci NULL DEFAULT NULL COMMENT '市级区划编号',
  `city_name` varchar(32) CHARACTER SET utf8mb4 COLLATE utf8mb4_general_ci NULL DEFAULT NULL COMMENT '市级名称',
  `district_code` varchar(12) CHARACTER SET utf8mb4 COLLATE utf8mb4_general_ci NULL DEFAULT NULL COMMENT '区级区划编号',
  `district_name` varchar(32) CHARACTER SET utf8mb4 COLLATE utf8mb4_general_ci NULL DEFAULT NULL COMMENT '区级名称',
  `detail` varchar(200) CHARACTER SET utf8mb4 COLLATE utf8mb4_general_ci NULL DEFAULT NULL COMMENT '详细地址',
  `label` varchar(100) CHARACTER SET utf8mb4 COLLATE utf8mb4_general_ci NULL DEFAULT NULL COMMENT '标签',
  `is_default` tinyint(1) NOT NULL DEFAULT 0 COMMENT '默认 0 否 1是',
  PRIMARY KEY (`id`) USING BTREE
) ENGINE = InnoDB AUTO_INCREMENT = 3 CHARACTER SET = utf8 COLLATE = utf8_bin COMMENT = '地址簿' ROW_FORMAT = Dynamic;

-- ----------------------------
-- Records of address_book
-- ----------------------------
INSERT INTO `address_book` VALUES (1, 1, '就看见', '0', '13978999876', '11', '北京市', '1101', '市辖区', '110106', '丰台区', '基地啊喝酒', '1', 0);
INSERT INTO `address_book` VALUES (2, 1, '打的', '0', '17867899876', '11', '北京市', '1101', '市辖区', '110102', '西城区', '格式发给', '1', 1);

-- ----------------------------
-- Table structure for category
-- ----------------------------
DROP TABLE IF EXISTS `category`;
CREATE TABLE `category`  (
  `id` bigint(20) NOT NULL AUTO_INCREMENT COMMENT '主键',
  `type` int(11) NULL DEFAULT NULL COMMENT '类型   1 菜品分类 2 套餐分类',
  `name` varchar(32) CHARACTER SET utf8 COLLATE utf8_bin NOT NULL COMMENT '分类名称',
  `sort` int(11) NOT NULL DEFAULT 0 COMMENT '顺序',
  `status` int(11) NULL DEFAULT NULL COMMENT '分类状态 0:禁用，1:启用',
  `create_time` datetime NULL DEFAULT NULL COMMENT '创建时间',
  `update_time` datetime NULL DEFAULT NULL COMMENT '更新时间',
  `create_user` bigint(20) NULL DEFAULT NULL COMMENT '创建人',
  `update_user` bigint(20) NULL DEFAULT NULL COMMENT '修改人',
  PRIMARY KEY (`id`) USING BTREE,
  UNIQUE INDEX `idx_category_name`(`name`) USING BTREE
) ENGINE = InnoDB AUTO_INCREMENT = 22 CHARACTER SET = utf8 COLLATE = utf8_bin COMMENT = '菜品及套餐分类' ROW_FORMAT = Dynamic;

-- ----------------------------
-- Records of category
-- ----------------------------
INSERT INTO `category` VALUES (11, 1, '酒水饮料', 10, 1, '2022-06-09 22:09:18', '2022-06-09 22:09:18', 1, 1);
INSERT INTO `category` VALUES (12, 1, '传统主食', 9, 1, '2022-06-09 22:09:32', '2022-06-09 22:18:53', 1, 1);
INSERT INTO `category` VALUES (13, 2, '人气套餐', 12, 1, '2022-06-09 22:11:38', '2022-06-10 11:04:40', 1, 1);
INSERT INTO `category` VALUES (15, 2, '商务套餐', 13, 1, '2022-06-09 22:14:10', '2022-06-10 11:04:48', 1, 1);
INSERT INTO `category` VALUES (16, 1, '蜀味烤鱼', 4, 1, '2022-06-09 22:15:37', '2022-08-31 14:27:25', 1, 1);
INSERT INTO `category` VALUES (17, 1, '蜀味牛蛙', 5, 1, '2022-06-09 22:16:14', '2022-08-31 14:39:44', 1, 1);
INSERT INTO `category` VALUES (18, 1, '特色蒸菜', 6, 1, '2022-06-09 22:17:42', '2022-06-09 22:17:42', 1, 1);
INSERT INTO `category` VALUES (19, 1, '新鲜时蔬', 7, 1, '2022-06-09 22:18:12', '2022-06-09 22:18:28', 1, 1);
INSERT INTO `category` VALUES (20, 1, '水煮鱼', 8, 1, '2022-06-09 22:22:29', '2022-06-09 22:23:45', 1, 1);
INSERT INTO `category` VALUES (21, 1, '汤类', 11, 1, '2022-06-10 10:51:47', '2022-06-10 10:51:47', 1, 1);

-- ----------------------------
-- Table structure for dish
-- ----------------------------
DROP TABLE IF EXISTS `dish`;
CREATE TABLE `dish`  (
  `id` bigint(20) NOT NULL AUTO_INCREMENT COMMENT '主键',
  `name` varchar(32) CHARACTER SET utf8 COLLATE utf8_bin NOT NULL COMMENT '菜品名称',
  `category_id` bigint(20) NOT NULL COMMENT '菜品分类id',
  `price` decimal(10, 2) NULL DEFAULT NULL COMMENT '菜品价格',
  `image` varchar(255) CHARACTER SET utf8 COLLATE utf8_bin NULL DEFAULT NULL COMMENT '图片',
  `description` varchar(255) CHARACTER SET utf8 COLLATE utf8_bin NULL DEFAULT NULL COMMENT '描述信息',
  `status` int(11) NULL DEFAULT 1 COMMENT '0 停售 1 起售',
  `create_time` datetime NULL DEFAULT NULL COMMENT '创建时间',
  `update_time` datetime NULL DEFAULT NULL COMMENT '更新时间',
  `create_user` bigint(20) NULL DEFAULT NULL COMMENT '创建人',
  `update_user` bigint(20) NULL DEFAULT NULL COMMENT '修改人',
  PRIMARY KEY (`id`) USING BTREE,
  UNIQUE INDEX `idx_dish_name`(`name`) USING BTREE
) ENGINE = InnoDB AUTO_INCREMENT = 70 CHARACTER SET = utf8 COLLATE = utf8_bin COMMENT = '菜品' ROW_FORMAT = Dynamic;

-- ----------------------------
-- Records of dish
-- ----------------------------
INSERT INTO `dish` VALUES (46, '王老吉', 11, 6.00, 'https://sky-itcast.oss-cn-beijing.aliyuncs.com/41bfcacf-7ad4-4927-8b26-df366553a94c.png', '', 1, '2022-06-09 22:40:47', '2022-06-09 22:40:47', 1, 1);
INSERT INTO `dish` VALUES (47, '北冰洋', 11, 4.00, 'https://sky-itcast.oss-cn-beijing.aliyuncs.com/4451d4be-89a2-4939-9c69-3a87151cb979.png', '还是小时候的味道', 1, '2022-06-10 09:18:49', '2022-06-10 09:18:49', 1, 1);
INSERT INTO `dish` VALUES (48, '雪花啤酒', 11, 4.00, 'https://sky-itcast.oss-cn-beijing.aliyuncs.com/bf8cbfc1-04d2-40e8-9826-061ee41ab87c.png', '', 1, '2022-06-10 09:22:54', '2022-06-10 09:22:54', 1, 1);
INSERT INTO `dish` VALUES (49, '米饭', 12, 2.00, 'https://sky-itcast.oss-cn-beijing.aliyuncs.com/76752350-2121-44d2-b477-10791c23a8ec.png', '精选五常大米', 1, '2022-06-10 09:30:17', '2022-06-10 09:30:17', 1, 1);
INSERT INTO `dish` VALUES (50, '馒头', 12, 1.00, 'https://sky-itcast.oss-cn-beijing.aliyuncs.com/475cc599-8661-4899-8f9e-121dd8ef7d02.png', '优质面粉', 1, '2022-06-10 09:34:28', '2022-06-10 09:34:28', 1, 1);
INSERT INTO `dish` VALUES (51, '老坛酸菜鱼', 20, 56.00, 'https://sky-itcast.oss-cn-beijing.aliyuncs.com/4a9cefba-6a74-467e-9fde-6e687ea725d7.png', '原料：汤，草鱼，酸菜', 1, '2022-06-10 09:40:51', '2022-06-10 09:40:51', 1, 1);
INSERT INTO `dish` VALUES (52, '经典酸菜鮰鱼', 20, 66.00, 'https://sky-itcast.oss-cn-beijing.aliyuncs.com/5260ff39-986c-4a97-8850-2ec8c7583efc.png', '原料：酸菜，江团，鮰鱼', 1, '2022-06-10 09:46:02', '2022-06-10 09:46:02', 1, 1);
INSERT INTO `dish` VALUES (53, '蜀味水煮草鱼', 20, 38.00, 'https://sky-itcast.oss-cn-beijing.aliyuncs.com/a6953d5a-4c18-4b30-9319-4926ee77261f.png', '原料：草鱼，汤', 1, '2022-06-10 09:48:37', '2022-06-10 09:48:37', 1, 1);
INSERT INTO `dish` VALUES (54, '清炒小油菜', 19, 18.00, 'https://sky-itcast.oss-cn-beijing.aliyuncs.com/3613d38e-5614-41c2-90ed-ff175bf50716.png', '原料：小油菜', 1, '2022-06-10 09:51:46', '2022-06-10 09:51:46', 1, 1);
INSERT INTO `dish` VALUES (55, '蒜蓉娃娃菜', 19, 18.00, 'https://sky-itcast.oss-cn-beijing.aliyuncs.com/4879ed66-3860-4b28-ba14-306ac025fdec.png', '原料：蒜，娃娃菜', 1, '2022-06-10 09:53:37', '2022-06-10 09:53:37', 1, 1);
INSERT INTO `dish` VALUES (56, '清炒西兰花', 19, 18.00, 'https://sky-itcast.oss-cn-beijing.aliyuncs.com/e9ec4ba4-4b22-4fc8-9be0-4946e6aeb937.png', '原料：西兰花', 1, '2022-06-10 09:55:44', '2022-06-10 09:55:44', 1, 1);
INSERT INTO `dish` VALUES (57, '炝炒圆白菜', 19, 18.00, 'https://sky-itcast.oss-cn-beijing.aliyuncs.com/22f59feb-0d44-430e-a6cd-6a49f27453ca.png', '原料：圆白菜', 1, '2022-06-10 09:58:35', '2022-06-10 09:58:35', 1, 1);
INSERT INTO `dish` VALUES (58, '清蒸鲈鱼', 18, 98.00, 'https://sky-itcast.oss-cn-beijing.aliyuncs.com/c18b5c67-3b71-466c-a75a-e63c6449f21c.png', '原料：鲈鱼', 1, '2022-06-10 10:12:28', '2022-06-10 10:12:28', 1, 1);
INSERT INTO `dish` VALUES (59, '东坡肘子', 18, 138.00, 'https://sky-itcast.oss-cn-beijing.aliyuncs.com/a80a4b8c-c93e-4f43-ac8a-856b0d5cc451.png', '原料：猪肘棒', 1, '2022-06-10 10:24:03', '2022-06-10 10:24:03', 1, 1);
INSERT INTO `dish` VALUES (60, '梅菜扣肉', 18, 58.00, 'https://sky-itcast.oss-cn-beijing.aliyuncs.com/6080b118-e30a-4577-aab4-45042e3f88be.png', '原料：猪肉，梅菜', 1, '2022-06-10 10:26:03', '2022-06-10 10:26:03', 1, 1);
INSERT INTO `dish` VALUES (61, '剁椒鱼头', 18, 66.00, 'https://sky-itcast.oss-cn-beijing.aliyuncs.com/13da832f-ef2c-484d-8370-5934a1045a06.png', '原料：鲢鱼，剁椒', 1, '2022-06-10 10:28:54', '2022-06-10 10:28:54', 1, 1);
INSERT INTO `dish` VALUES (62, '金汤酸菜牛蛙', 17, 88.00, 'https://sky-itcast.oss-cn-beijing.aliyuncs.com/7694a5d8-7938-4e9d-8b9e-2075983a2e38.png', '原料：鲜活牛蛙，酸菜', 1, '2022-06-10 10:33:05', '2022-06-10 10:33:05', 1, 1);
INSERT INTO `dish` VALUES (63, '香锅牛蛙', 17, 88.00, 'https://sky-itcast.oss-cn-beijing.aliyuncs.com/f5ac8455-4793-450c-97ba-173795c34626.png', '配料：鲜活牛蛙，莲藕，青笋', 1, '2022-06-10 10:35:40', '2022-06-10 10:35:40', 1, 1);
INSERT INTO `dish` VALUES (64, '馋嘴牛蛙', 17, 88.00, 'https://sky-itcast.oss-cn-beijing.aliyuncs.com/7a55b845-1f2b-41fa-9486-76d187ee9ee1.png', '配料：鲜活牛蛙，丝瓜，黄豆芽', 1, '2022-06-10 10:37:52', '2022-06-10 10:37:52', 1, 1);
INSERT INTO `dish` VALUES (65, '草鱼2斤', 16, 68.00, 'https://sky-itcast.oss-cn-beijing.aliyuncs.com/b544d3ba-a1ae-4d20-a860-81cb5dec9e03.png', '原料：草鱼，黄豆芽，莲藕', 1, '2022-06-10 10:41:08', '2022-06-10 10:41:08', 1, 1);
INSERT INTO `dish` VALUES (66, '江团鱼2斤', 16, 119.00, 'https://sky-itcast.oss-cn-beijing.aliyuncs.com/a101a1e9-8f8b-47b2-afa4-1abd47ea0a87.png', '配料：江团鱼，黄豆芽，莲藕', 1, '2022-06-10 10:42:42', '2022-06-10 10:42:42', 1, 1);
INSERT INTO `dish` VALUES (67, '鮰鱼2斤', 16, 72.00, 'https://sky-itcast.oss-cn-beijing.aliyuncs.com/8cfcc576-4b66-4a09-ac68-ad5b273c2590.png', '原料：鮰鱼，黄豆芽，莲藕', 1, '2022-06-10 10:43:56', '2022-06-10 10:43:56', 1, 1);
INSERT INTO `dish` VALUES (68, '鸡蛋汤', 21, 4.00, 'https://sky-itcast.oss-cn-beijing.aliyuncs.com/c09a0ee8-9d19-428d-81b9-746221824113.png', '配料：鸡蛋，紫菜', 1, '2022-06-10 10:54:25', '2022-06-10 10:54:25', 1, 1);
INSERT INTO `dish` VALUES (69, '平菇豆腐汤', 21, 10.00, 'https://sky-itcast.oss-cn-beijing.aliyuncs.com/16d0a3d6-2253-4cfc-9b49-bf7bd9eb2ad2.png', '配料：豆腐，平菇', 1, '2022-06-10 10:55:02', '2023-08-28 13:53:56', 1, 1);

-- ----------------------------
-- Table structure for dish_flavor
-- ----------------------------
DROP TABLE IF EXISTS `dish_flavor`;
CREATE TABLE `dish_flavor`  (
  `id` bigint(20) NOT NULL AUTO_INCREMENT COMMENT '主键',
  `dish_id` bigint(20) NOT NULL COMMENT '菜品',
  `name` varchar(32) CHARACTER SET utf8 COLLATE utf8_bin NULL DEFAULT NULL COMMENT '口味名称',
  `value` varchar(255) CHARACTER SET utf8 COLLATE utf8_bin NULL DEFAULT NULL COMMENT '口味数据list',
  PRIMARY KEY (`id`) USING BTREE
) ENGINE = InnoDB AUTO_INCREMENT = 110 CHARACTER SET = utf8 COLLATE = utf8_bin COMMENT = '菜品口味关系表' ROW_FORMAT = Dynamic;

-- ----------------------------
-- Records of dish_flavor
-- ----------------------------
INSERT INTO `dish_flavor` VALUES (40, 10, '甜味', '[\"无糖\",\"少糖\",\"半糖\",\"多糖\",\"全糖\"]');
INSERT INTO `dish_flavor` VALUES (41, 7, '忌口', '[\"不要葱\",\"不要蒜\",\"不要香菜\",\"不要辣\"]');
INSERT INTO `dish_flavor` VALUES (42, 7, '温度', '[\"热饮\",\"常温\",\"去冰\",\"少冰\",\"多冰\"]');
INSERT INTO `dish_flavor` VALUES (45, 6, '忌口', '[\"不要葱\",\"不要蒜\",\"不要香菜\",\"不要辣\"]');
INSERT INTO `dish_flavor` VALUES (46, 6, '辣度', '[\"不辣\",\"微辣\",\"中辣\",\"重辣\"]');
INSERT INTO `dish_flavor` VALUES (47, 5, '辣度', '[\"不辣\",\"微辣\",\"中辣\",\"重辣\"]');
INSERT INTO `dish_flavor` VALUES (48, 5, '甜味', '[\"无糖\",\"少糖\",\"半糖\",\"多糖\",\"全糖\"]');
INSERT INTO `dish_flavor` VALUES (49, 2, '甜味', '[\"无糖\",\"少糖\",\"半糖\",\"多糖\",\"全糖\"]');
INSERT INTO `dish_flavor` VALUES (50, 4, '甜味', '[\"无糖\",\"少糖\",\"半糖\",\"多糖\",\"全糖\"]');
INSERT INTO `dish_flavor` VALUES (51, 3, '甜味', '[\"无糖\",\"少糖\",\"半糖\",\"多糖\",\"全糖\"]');
INSERT INTO `dish_flavor` VALUES (52, 3, '忌口', '[\"不要葱\",\"不要蒜\",\"不要香菜\",\"不要辣\"]');
INSERT INTO `dish_flavor` VALUES (86, 52, '忌口', '[\"不要葱\",\"不要蒜\",\"不要香菜\",\"不要辣\"]');
INSERT INTO `dish_flavor` VALUES (87, 52, '辣度', '[\"不辣\",\"微辣\",\"中辣\",\"重辣\"]');
INSERT INTO `dish_flavor` VALUES (88, 51, '忌口', '[\"不要葱\",\"不要蒜\",\"不要香菜\",\"不要辣\"]');
INSERT INTO `dish_flavor` VALUES (89, 51, '辣度', '[\"不辣\",\"微辣\",\"中辣\",\"重辣\"]');
INSERT INTO `dish_flavor` VALUES (92, 53, '忌口', '[\"不要葱\",\"不要蒜\",\"不要香菜\",\"不要辣\"]');
INSERT INTO `dish_flavor` VALUES (93, 53, '辣度', '[\"不辣\",\"微辣\",\"中辣\",\"重辣\"]');
INSERT INTO `dish_flavor` VALUES (94, 54, '忌口', '[\"不要葱\",\"不要蒜\",\"不要香菜\"]');
INSERT INTO `dish_flavor` VALUES (95, 56, '忌口', '[\"不要葱\",\"不要蒜\",\"不要香菜\",\"不要辣\"]');
INSERT INTO `dish_flavor` VALUES (96, 57, '忌口', '[\"不要葱\",\"不要蒜\",\"不要香菜\",\"不要辣\"]');
INSERT INTO `dish_flavor` VALUES (97, 60, '忌口', '[\"不要葱\",\"不要蒜\",\"不要香菜\",\"不要辣\"]');
INSERT INTO `dish_flavor` VALUES (101, 66, '辣度', '[\"不辣\",\"微辣\",\"中辣\",\"重辣\"]');
INSERT INTO `dish_flavor` VALUES (102, 67, '辣度', '[\"不辣\",\"微辣\",\"中辣\",\"重辣\"]');
INSERT INTO `dish_flavor` VALUES (103, 65, '辣度', '[\"不辣\",\"微辣\",\"中辣\",\"重辣\"]');
INSERT INTO `dish_flavor` VALUES (108, 69, '温度', '[\"热饮\",\"常温\",\"去冰\",\"少冰\",\"多冰\"]');
INSERT INTO `dish_flavor` VALUES (109, 69, '甜味', '[\"无糖\",\"少糖\",\"半糖\",\"多糖\",\"全糖\"]');

-- ----------------------------
-- Table structure for employee
-- ----------------------------
DROP TABLE IF EXISTS `employee`;
CREATE TABLE `employee`  (
  `id` bigint(20) NOT NULL AUTO_INCREMENT COMMENT '主键',
  `name` varchar(32) CHARACTER SET utf8 COLLATE utf8_bin NOT NULL COMMENT '姓名',
  `username` varchar(32) CHARACTER SET utf8 COLLATE utf8_bin NOT NULL COMMENT '用户名',
  `password` varchar(64) CHARACTER SET utf8 COLLATE utf8_bin NOT NULL COMMENT '密码',
  `phone` varchar(11) CHARACTER SET utf8 COLLATE utf8_bin NOT NULL COMMENT '手机号',
  `sex` varchar(2) CHARACTER SET utf8 COLLATE utf8_bin NOT NULL COMMENT '性别',
  `id_number` varchar(18) CHARACTER SET utf8 COLLATE utf8_bin NOT NULL COMMENT '身份证号',
  `status` int(11) NOT NULL DEFAULT 1 COMMENT '状态 0:禁用，1:启用',
  `create_time` datetime NULL DEFAULT NULL COMMENT '创建时间',
  `update_time` datetime NULL DEFAULT NULL COMMENT '更新时间',
  `create_user` bigint(20) NULL DEFAULT NULL COMMENT '创建人',
  `update_user` bigint(20) NULL DEFAULT NULL COMMENT '修改人',
  PRIMARY KEY (`id`) USING BTREE,
  UNIQUE INDEX `idx_username`(`username`) USING BTREE
) ENGINE = InnoDB AUTO_INCREMENT = 8 CHARACTER SET = utf8 COLLATE = utf8_bin COMMENT = '员工信息' ROW_FORMAT = Dynamic;

-- ----------------------------
-- Records of employee
-- ----------------------------
INSERT INTO `employee` VALUES (1, '管理员', 'admin', 'e10adc3949ba59abbe56e057f20f883e', '13812312312', '1', '110101199001010047', 1, '2022-02-15 15:51:20', '2022-02-17 09:16:20', 10, 1);
INSERT INTO `employee` VALUES (2, '张三', 'zhangsan', 'e10adc3949ba59abbe56e057f20f883e', '11111111111', '1', '00112', 1, '2023-08-25 21:58:49', '2023-08-25 21:58:49', 10, 10);
INSERT INTO `employee` VALUES (6, '小杰夫', 'jeff', 'e10adc3949ba59abbe56e057f20f883e', '13726542897', '1', '111222333444555666', 1, '2023-08-25 22:24:44', '2023-08-26 17:09:51', NULL, NULL);
INSERT INTO `employee` VALUES (7, '小黑', 'xiaohei', 'e10adc3949ba59abbe56e057f20f883e', '13567899876', '1', '412822200909148760', 1, '2023-08-31 12:48:50', '2023-08-31 12:48:50', 1, 1);

-- ----------------------------
-- Table structure for order_detail
-- ----------------------------
DROP TABLE IF EXISTS `order_detail`;
CREATE TABLE `order_detail`  (
  `id` bigint(20) NOT NULL AUTO_INCREMENT COMMENT '主键',
  `name` varchar(32) CHARACTER SET utf8 COLLATE utf8_bin NULL DEFAULT NULL COMMENT '名字',
  `image` varchar(255) CHARACTER SET utf8 COLLATE utf8_bin NULL DEFAULT NULL COMMENT '图片',
  `order_id` bigint(20) NOT NULL COMMENT '订单id',
  `dish_id` bigint(20) NULL DEFAULT NULL COMMENT '菜品id',
  `setmeal_id` bigint(20) NULL DEFAULT NULL COMMENT '套餐id',
  `dish_flavor` varchar(50) CHARACTER SET utf8 COLLATE utf8_bin NULL DEFAULT NULL COMMENT '口味',
  `number` int(11) NOT NULL DEFAULT 1 COMMENT '数量',
  `amount` decimal(10, 2) NOT NULL COMMENT '金额',
  PRIMARY KEY (`id`) USING BTREE
) ENGINE = InnoDB AUTO_INCREMENT = 44 CHARACTER SET = utf8 COLLATE = utf8_bin COMMENT = '订单明细表' ROW_FORMAT = Dynamic;

-- ----------------------------
-- Records of order_detail
-- ----------------------------
INSERT INTO `order_detail` VALUES (1, '鮰鱼2斤', 'https://sky-itcast.oss-cn-beijing.aliyuncs.com/8cfcc576-4b66-4a09-ac68-ad5b273c2590.png', 1, 67, NULL, '不辣', 1, 72.00);
INSERT INTO `order_detail` VALUES (2, '江团鱼2斤', 'https://sky-itcast.oss-cn-beijing.aliyuncs.com/a101a1e9-8f8b-47b2-afa4-1abd47ea0a87.png', 1, 66, NULL, '重辣', 1, 119.00);
INSERT INTO `order_detail` VALUES (3, '草鱼2斤', 'https://sky-itcast.oss-cn-beijing.aliyuncs.com/b544d3ba-a1ae-4d20-a860-81cb5dec9e03.png', 2, 65, NULL, '重辣', 1, 68.00);
INSERT INTO `order_detail` VALUES (4, '江团鱼2斤', 'https://sky-itcast.oss-cn-beijing.aliyuncs.com/a101a1e9-8f8b-47b2-afa4-1abd47ea0a87.png', 2, 66, NULL, '重辣', 1, 119.00);
INSERT INTO `order_detail` VALUES (5, '炝炒圆白菜', 'https://sky-itcast.oss-cn-beijing.aliyuncs.com/22f59feb-0d44-430e-a6cd-6a49f27453ca.png', 2, 57, NULL, '不要香菜', 1, 18.00);
INSERT INTO `order_detail` VALUES (6, '草鱼2斤', 'https://sky-itcast.oss-cn-beijing.aliyuncs.com/b544d3ba-a1ae-4d20-a860-81cb5dec9e03.png', 3, 65, NULL, '重辣', 1, 68.00);
INSERT INTO `order_detail` VALUES (7, '江团鱼2斤', 'https://sky-itcast.oss-cn-beijing.aliyuncs.com/a101a1e9-8f8b-47b2-afa4-1abd47ea0a87.png', 3, 66, NULL, '重辣', 1, 119.00);
INSERT INTO `order_detail` VALUES (8, '炝炒圆白菜', 'https://sky-itcast.oss-cn-beijing.aliyuncs.com/22f59feb-0d44-430e-a6cd-6a49f27453ca.png', 3, 57, NULL, '不要香菜', 1, 18.00);
INSERT INTO `order_detail` VALUES (9, '草鱼2斤', 'https://sky-itcast.oss-cn-beijing.aliyuncs.com/b544d3ba-a1ae-4d20-a860-81cb5dec9e03.png', 4, 65, NULL, '重辣', 1, 68.00);
INSERT INTO `order_detail` VALUES (10, '江团鱼2斤', 'https://sky-itcast.oss-cn-beijing.aliyuncs.com/a101a1e9-8f8b-47b2-afa4-1abd47ea0a87.png', 4, 66, NULL, '重辣', 1, 119.00);
INSERT INTO `order_detail` VALUES (11, '炝炒圆白菜', 'https://sky-itcast.oss-cn-beijing.aliyuncs.com/22f59feb-0d44-430e-a6cd-6a49f27453ca.png', 4, 57, NULL, '不要香菜', 1, 18.00);
INSERT INTO `order_detail` VALUES (12, '草鱼2斤', 'https://sky-itcast.oss-cn-beijing.aliyuncs.com/b544d3ba-a1ae-4d20-a860-81cb5dec9e03.png', 5, 65, NULL, '重辣', 1, 68.00);
INSERT INTO `order_detail` VALUES (13, '江团鱼2斤', 'https://sky-itcast.oss-cn-beijing.aliyuncs.com/a101a1e9-8f8b-47b2-afa4-1abd47ea0a87.png', 5, 66, NULL, '重辣', 1, 119.00);
INSERT INTO `order_detail` VALUES (14, '炝炒圆白菜', 'https://sky-itcast.oss-cn-beijing.aliyuncs.com/22f59feb-0d44-430e-a6cd-6a49f27453ca.png', 5, 57, NULL, '不要香菜', 1, 18.00);
INSERT INTO `order_detail` VALUES (15, '草鱼2斤', 'https://sky-itcast.oss-cn-beijing.aliyuncs.com/b544d3ba-a1ae-4d20-a860-81cb5dec9e03.png', 6, 65, NULL, '重辣', 1, 68.00);
INSERT INTO `order_detail` VALUES (16, '江团鱼2斤', 'https://sky-itcast.oss-cn-beijing.aliyuncs.com/a101a1e9-8f8b-47b2-afa4-1abd47ea0a87.png', 6, 66, NULL, '重辣', 1, 119.00);
INSERT INTO `order_detail` VALUES (17, '炝炒圆白菜', 'https://sky-itcast.oss-cn-beijing.aliyuncs.com/22f59feb-0d44-430e-a6cd-6a49f27453ca.png', 6, 57, NULL, '不要香菜', 1, 18.00);
INSERT INTO `order_detail` VALUES (18, '草鱼2斤', 'https://sky-itcast.oss-cn-beijing.aliyuncs.com/b544d3ba-a1ae-4d20-a860-81cb5dec9e03.png', 7, 65, NULL, '重辣', 1, 68.00);
INSERT INTO `order_detail` VALUES (19, '江团鱼2斤', 'https://sky-itcast.oss-cn-beijing.aliyuncs.com/a101a1e9-8f8b-47b2-afa4-1abd47ea0a87.png', 7, 66, NULL, '重辣', 1, 119.00);
INSERT INTO `order_detail` VALUES (20, '炝炒圆白菜', 'https://sky-itcast.oss-cn-beijing.aliyuncs.com/22f59feb-0d44-430e-a6cd-6a49f27453ca.png', 7, 57, NULL, '不要香菜', 1, 18.00);
INSERT INTO `order_detail` VALUES (21, '草鱼2斤', 'https://sky-itcast.oss-cn-beijing.aliyuncs.com/b544d3ba-a1ae-4d20-a860-81cb5dec9e03.png', 8, 65, NULL, '重辣', 1, 68.00);
INSERT INTO `order_detail` VALUES (22, '江团鱼2斤', 'https://sky-itcast.oss-cn-beijing.aliyuncs.com/a101a1e9-8f8b-47b2-afa4-1abd47ea0a87.png', 8, 66, NULL, '重辣', 1, 119.00);
INSERT INTO `order_detail` VALUES (23, '炝炒圆白菜', 'https://sky-itcast.oss-cn-beijing.aliyuncs.com/22f59feb-0d44-430e-a6cd-6a49f27453ca.png', 8, 57, NULL, '不要香菜', 1, 18.00);
INSERT INTO `order_detail` VALUES (24, '草鱼2斤', 'https://sky-itcast.oss-cn-beijing.aliyuncs.com/b544d3ba-a1ae-4d20-a860-81cb5dec9e03.png', 9, 65, NULL, '重辣', 1, 68.00);
INSERT INTO `order_detail` VALUES (25, '江团鱼2斤', 'https://sky-itcast.oss-cn-beijing.aliyuncs.com/a101a1e9-8f8b-47b2-afa4-1abd47ea0a87.png', 9, 66, NULL, '重辣', 1, 119.00);
INSERT INTO `order_detail` VALUES (26, '炝炒圆白菜', 'https://sky-itcast.oss-cn-beijing.aliyuncs.com/22f59feb-0d44-430e-a6cd-6a49f27453ca.png', 9, 57, NULL, '不要香菜', 1, 18.00);
INSERT INTO `order_detail` VALUES (27, '草鱼2斤', 'https://sky-itcast.oss-cn-beijing.aliyuncs.com/b544d3ba-a1ae-4d20-a860-81cb5dec9e03.png', 10, 65, NULL, '重辣', 1, 68.00);
INSERT INTO `order_detail` VALUES (28, '米饭', 'https://sky-itcast.oss-cn-beijing.aliyuncs.com/76752350-2121-44d2-b477-10791c23a8ec.png', 11, 49, NULL, NULL, 1, 2.00);
INSERT INTO `order_detail` VALUES (29, '王老吉', 'https://sky-itcast.oss-cn-beijing.aliyuncs.com/41bfcacf-7ad4-4927-8b26-df366553a94c.png', 11, 46, NULL, NULL, 1, 6.00);
INSERT INTO `order_detail` VALUES (30, '蜀味水煮草鱼', 'https://sky-itcast.oss-cn-beijing.aliyuncs.com/a6953d5a-4c18-4b30-9319-4926ee77261f.png', 11, 53, NULL, '不要葱,微辣', 1, 38.00);
INSERT INTO `order_detail` VALUES (31, '米饭', 'https://sky-itcast.oss-cn-beijing.aliyuncs.com/76752350-2121-44d2-b477-10791c23a8ec.png', 12, 49, NULL, NULL, 1, 2.00);
INSERT INTO `order_detail` VALUES (32, '王老吉', 'https://sky-itcast.oss-cn-beijing.aliyuncs.com/41bfcacf-7ad4-4927-8b26-df366553a94c.png', 12, 46, NULL, NULL, 1, 6.00);
INSERT INTO `order_detail` VALUES (33, '蜀味水煮草鱼', 'https://sky-itcast.oss-cn-beijing.aliyuncs.com/a6953d5a-4c18-4b30-9319-4926ee77261f.png', 12, 53, NULL, '不要葱,微辣', 1, 38.00);
INSERT INTO `order_detail` VALUES (34, '馋嘴牛蛙', 'https://sky-itcast.oss-cn-beijing.aliyuncs.com/7a55b845-1f2b-41fa-9486-76d187ee9ee1.png', 13, 64, NULL, NULL, 1, 88.00);
INSERT INTO `order_detail` VALUES (35, '馋嘴牛蛙', 'https://sky-itcast.oss-cn-beijing.aliyuncs.com/7a55b845-1f2b-41fa-9486-76d187ee9ee1.png', 14, 64, NULL, NULL, 1, 88.00);
INSERT INTO `order_detail` VALUES (36, '东坡肘子', 'https://sky-itcast.oss-cn-beijing.aliyuncs.com/a80a4b8c-c93e-4f43-ac8a-856b0d5cc451.png', 15, 59, NULL, NULL, 1, 138.00);
INSERT INTO `order_detail` VALUES (37, '东坡肘子', 'https://sky-itcast.oss-cn-beijing.aliyuncs.com/a80a4b8c-c93e-4f43-ac8a-856b0d5cc451.png', 16, 59, NULL, NULL, 1, 138.00);
INSERT INTO `order_detail` VALUES (38, '东坡肘子', 'https://sky-itcast.oss-cn-beijing.aliyuncs.com/a80a4b8c-c93e-4f43-ac8a-856b0d5cc451.png', 17, 59, NULL, NULL, 1, 138.00);
INSERT INTO `order_detail` VALUES (39, '华莱士双人喷射套餐', NULL, 17, NULL, 2, NULL, 99, 99.00);
INSERT INTO `order_detail` VALUES (40, '东坡肘子', 'https://sky-itcast.oss-cn-beijing.aliyuncs.com/a80a4b8c-c93e-4f43-ac8a-856b0d5cc451.png', 18, 59, NULL, NULL, 1, 138.00);
INSERT INTO `order_detail` VALUES (41, '华莱士双人喷射套餐', NULL, 18, NULL, 2, NULL, 99, 99.00);
INSERT INTO `order_detail` VALUES (42, '东坡肘子', 'https://sky-itcast.oss-cn-beijing.aliyuncs.com/a80a4b8c-c93e-4f43-ac8a-856b0d5cc451.png', 19, 59, NULL, NULL, 1, 138.00);
INSERT INTO `order_detail` VALUES (43, '华莱士双人喷射套餐', NULL, 19, NULL, 2, NULL, 99, 99.00);

-- ----------------------------
-- Table structure for orders
-- ----------------------------
DROP TABLE IF EXISTS `orders`;
CREATE TABLE `orders`  (
  `id` bigint(20) NOT NULL AUTO_INCREMENT COMMENT '主键',
  `number` varchar(50) CHARACTER SET utf8 COLLATE utf8_bin NULL DEFAULT NULL COMMENT '订单号',
  `status` int(11) NOT NULL DEFAULT 1 COMMENT '订单状态 1待付款 2待接单 3已接单 4派送中 5已完成 6已取消 7退款',
  `user_id` bigint(20) NOT NULL COMMENT '下单用户',
  `address_book_id` bigint(20) NOT NULL COMMENT '地址id',
  `order_time` datetime NOT NULL COMMENT '下单时间',
  `checkout_time` datetime NULL DEFAULT NULL COMMENT '结账时间',
  `pay_method` int(11) NOT NULL DEFAULT 1 COMMENT '支付方式 1微信,2支付宝',
  `pay_status` tinyint(4) NOT NULL DEFAULT 0 COMMENT '支付状态 0未支付 1已支付 2退款',
  `amount` decimal(10, 2) NOT NULL COMMENT '实收金额',
  `remark` varchar(100) CHARACTER SET utf8 COLLATE utf8_bin NULL DEFAULT NULL COMMENT '备注',
  `phone` varchar(11) CHARACTER SET utf8 COLLATE utf8_bin NULL DEFAULT NULL COMMENT '手机号',
  `address` varchar(255) CHARACTER SET utf8 COLLATE utf8_bin NULL DEFAULT NULL COMMENT '地址',
  `user_name` varchar(32) CHARACTER SET utf8 COLLATE utf8_bin NULL DEFAULT NULL COMMENT '用户名称',
  `consignee` varchar(32) CHARACTER SET utf8 COLLATE utf8_bin NULL DEFAULT NULL COMMENT '收货人',
  `cancel_reason` varchar(255) CHARACTER SET utf8 COLLATE utf8_bin NULL DEFAULT NULL COMMENT '订单取消原因',
  `rejection_reason` varchar(255) CHARACTER SET utf8 COLLATE utf8_bin NULL DEFAULT NULL COMMENT '订单拒绝原因',
  `cancel_time` datetime NULL DEFAULT NULL COMMENT '订单取消时间',
  `estimated_delivery_time` datetime NULL DEFAULT NULL COMMENT '预计送达时间',
  `delivery_status` tinyint(1) NOT NULL DEFAULT 1 COMMENT '配送状态  1立即送出  0选择具体时间',
  `delivery_time` datetime NULL DEFAULT NULL COMMENT '送达时间',
  `pack_amount` int(11) NULL DEFAULT NULL COMMENT '打包费',
  `tableware_number` int(11) NULL DEFAULT NULL COMMENT '餐具数量',
  `tableware_status` tinyint(1) NOT NULL DEFAULT 1 COMMENT '餐具数量状态  1按餐量提供  0选择具体数量',
  PRIMARY KEY (`id`) USING BTREE
) ENGINE = InnoDB AUTO_INCREMENT = 20 CHARACTER SET = utf8 COLLATE = utf8_bin COMMENT = '订单表' ROW_FORMAT = Dynamic;

-- ----------------------------
-- Records of orders
-- ----------------------------
INSERT INTO `orders` VALUES (1, '1693294027206', 6, 1, 2, '2023-08-29 15:27:07', NULL, 1, 0, 199.00, '', '17867899876', NULL, NULL, '打的', '骑手不足无法配送', NULL, '2023-08-29 18:50:16', '2023-08-29 16:27:00', 0, NULL, 2, 0, 0);
INSERT INTO `orders` VALUES (2, '1693303455268', 6, 1, 2, '2023-08-29 18:04:15', NULL, 1, 0, 214.00, '', '17867899876', NULL, NULL, '打的', '菜品已销售完，暂时无法接单', NULL, '2023-08-29 18:50:20', '2023-08-29 19:04:00', 0, NULL, 3, 0, 0);
INSERT INTO `orders` VALUES (3, '1693457056213', 6, 1, 2, '2023-08-31 12:44:16', NULL, 1, 0, 214.00, '', '17867899876', NULL, NULL, '打的', '订单超时，自动取消', NULL, '2023-08-31 13:02:00', '2023-08-31 13:44:00', 0, NULL, 3, 0, 0);
INSERT INTO `orders` VALUES (4, '1693457070911', 6, 1, 2, '2023-08-31 12:44:31', NULL, 1, 0, 214.00, '', '17867899876', NULL, NULL, '打的', '订单超时，自动取消', NULL, '2023-08-31 13:02:00', '2023-08-31 13:44:00', 0, NULL, 3, 0, 0);
INSERT INTO `orders` VALUES (5, '1693458083350', 6, 1, 2, '2023-08-31 13:01:23', NULL, 1, 0, 214.00, '', '17867899876', NULL, NULL, '打的', '用户取消', NULL, '2023-08-31 13:02:14', '2023-08-31 14:01:00', 0, NULL, 3, 0, 0);
INSERT INTO `orders` VALUES (6, '1693458142082', 6, 1, 2, '2023-08-31 13:02:22', NULL, 1, 0, 214.00, '', '17867899876', NULL, NULL, '打的', '用户取消', NULL, '2023-08-31 13:02:39', '2023-08-31 14:02:00', 0, NULL, 3, 0, 0);
INSERT INTO `orders` VALUES (7, '1693458451917', 6, 1, 2, '2023-08-31 13:07:32', NULL, 1, 0, 214.00, '', '17867899876', NULL, NULL, '打的', '订单超时，自动取消', NULL, '2023-08-31 13:23:00', '2023-08-31 14:07:00', 0, NULL, 3, 0, 0);
INSERT INTO `orders` VALUES (8, '1693458624314', 6, 1, 2, '2023-08-31 13:10:24', NULL, 1, 0, 214.00, '', '17867899876', NULL, NULL, '打的', '订单超时，自动取消', NULL, '2023-08-31 13:26:01', '2023-08-31 14:10:00', 0, NULL, 3, 0, 0);
INSERT INTO `orders` VALUES (9, '1693459087695', 5, 1, 2, '2023-08-31 13:18:08', '2023-08-31 13:18:09', 1, 1, 214.00, '', '17867899876', NULL, NULL, '打的', NULL, NULL, NULL, '2023-08-31 14:18:00', 0, '2023-08-31 13:18:33', 3, 0, 0);
INSERT INTO `orders` VALUES (10, '1693459153499', 5, 1, 2, '2023-08-31 13:19:13', '2023-08-31 13:19:15', 1, 1, 75.00, '', '17867899876', NULL, NULL, '打的', NULL, NULL, NULL, '2023-08-31 14:19:00', 0, '2023-08-31 13:20:21', 1, 0, 0);
INSERT INTO `orders` VALUES (11, '1693459667759', 5, 1, 2, '2023-08-31 13:27:48', '2023-08-31 13:27:55', 1, 1, 55.00, '快点送来！！！！', '17867899876', NULL, NULL, '打的', NULL, NULL, NULL, '2023-08-31 14:27:00', 0, '2023-08-31 13:28:29', 3, 1, 0);
INSERT INTO `orders` VALUES (12, '1695717102567', 5, 1, 2, '2023-09-26 16:31:43', '2023-09-26 16:31:44', 1, 1, 55.00, '', '17867899876', NULL, NULL, '打的', NULL, NULL, NULL, '2023-09-26 17:31:00', 0, '2023-09-26 16:33:01', 3, 0, 0);
INSERT INTO `orders` VALUES (13, '1695717217435', 5, 1, 2, '2023-09-26 16:33:37', '2023-09-26 16:36:25', 1, 1, 95.00, '', '17867899876', NULL, NULL, '打的', NULL, NULL, NULL, '2023-09-26 17:33:00', 0, '2023-09-26 16:37:11', 1, 0, 0);
INSERT INTO `orders` VALUES (14, '1695717228720', 5, 1, 2, '2023-09-26 16:33:49', '2023-09-26 16:33:50', 1, 1, 95.00, '', '17867899876', NULL, NULL, '打的', NULL, NULL, NULL, '2023-09-26 17:33:00', 0, '2023-09-26 16:35:31', 1, 0, 0);
INSERT INTO `orders` VALUES (15, '1695717324352', 5, 1, 2, '2023-09-26 16:35:24', '2023-09-26 16:35:25', 1, 1, 145.00, '', '17867899876', NULL, NULL, '打的', NULL, NULL, NULL, '2023-09-26 17:35:00', 0, '2023-09-26 16:37:11', 1, 0, 0);
INSERT INTO `orders` VALUES (16, '1695717670437', 5, 1, 2, '2023-09-26 16:41:10', '2023-09-26 16:41:12', 1, 1, 145.00, '', '17867899876', NULL, NULL, '打的', NULL, NULL, NULL, '2023-09-26 17:41:00', 0, '2023-09-26 16:41:55', 1, 0, 0);
INSERT INTO `orders` VALUES (17, '1695718139690', 5, 1, 2, '2023-09-26 16:49:00', '2023-09-26 16:49:01', 1, 1, 10045.00, '', '17867899876', NULL, NULL, '打的', NULL, NULL, NULL, '2023-09-26 17:48:00', 0, '2023-09-26 16:49:14', 100, 0, 0);
INSERT INTO `orders` VALUES (18, '1695722943446', 5, 1, 2, '2023-09-26 18:09:03', '2023-09-26 18:09:05', 1, 1, 10045.00, '', '17867899876', NULL, NULL, '打的', NULL, NULL, NULL, '2023-09-26 19:09:00', 0, '2023-09-26 18:09:34', 100, 0, 0);
INSERT INTO `orders` VALUES (19, '1697264601902', 5, 1, 2, '2023-10-14 14:23:22', '2023-10-14 14:23:23', 1, 1, 10045.00, '', '17867899876', NULL, NULL, '打的', NULL, NULL, NULL, '2023-10-14 15:23:00', 0, '2023-10-14 14:23:51', 100, 0, 0);

-- ----------------------------
-- Table structure for setmeal
-- ----------------------------
DROP TABLE IF EXISTS `setmeal`;
CREATE TABLE `setmeal`  (
  `id` bigint(20) NOT NULL AUTO_INCREMENT COMMENT '主键',
  `category_id` bigint(20) NOT NULL COMMENT '菜品分类id',
  `name` varchar(32) CHARACTER SET utf8 COLLATE utf8_bin NOT NULL COMMENT '套餐名称',
  `price` decimal(10, 2) NOT NULL COMMENT '套餐价格',
  `status` int(11) NULL DEFAULT 1 COMMENT '售卖状态 0:停售 1:起售',
  `description` varchar(255) CHARACTER SET utf8 COLLATE utf8_bin NULL DEFAULT NULL COMMENT '描述信息',
  `image` varchar(255) CHARACTER SET utf8 COLLATE utf8_bin NULL DEFAULT NULL COMMENT '图片',
  `create_time` datetime NULL DEFAULT NULL COMMENT '创建时间',
  `update_time` datetime NULL DEFAULT NULL COMMENT '更新时间',
  `create_user` bigint(20) NULL DEFAULT NULL COMMENT '创建人',
  `update_user` bigint(20) NULL DEFAULT NULL COMMENT '修改人',
  PRIMARY KEY (`id`) USING BTREE,
  UNIQUE INDEX `idx_setmeal_name`(`name`) USING BTREE
) ENGINE = InnoDB AUTO_INCREMENT = 4 CHARACTER SET = utf8 COLLATE = utf8_bin COMMENT = '套餐' ROW_FORMAT = Dynamic;

-- ----------------------------
-- Records of setmeal
-- ----------------------------
INSERT INTO `setmeal` VALUES (2, 13, '华莱士双人喷射套餐', 99.00, 1, '健康又卫生！！！！干就完了！！！奥里给u！！！', 'https://sky-mirrorseek.oss-cn-beijing.aliyuncs.com/288307a7-78ad-42dd-810f-bd781e5d6a62.png', '2023-08-27 15:15:49', '2023-09-26 16:48:21', NULL, NULL);
INSERT INTO `setmeal` VALUES (3, 13, '中国汉堡塔斯ding', 9.90, 1, '中国汉堡，就是顶！！！！', 'https://sky-mirrorseek.oss-cn-beijing.aliyuncs.com/0fdb5e41-e67a-47cc-8158-df0aa23b51e0.jpg', '2023-09-26 16:47:52', '2023-09-26 16:48:21', 1, 1);

-- ----------------------------
-- Table structure for setmeal_dish
-- ----------------------------
DROP TABLE IF EXISTS `setmeal_dish`;
CREATE TABLE `setmeal_dish`  (
  `id` bigint(20) NOT NULL AUTO_INCREMENT COMMENT '主键',
  `setmeal_id` bigint(20) NULL DEFAULT NULL COMMENT '套餐id',
  `dish_id` bigint(20) NULL DEFAULT NULL COMMENT '菜品id',
  `name` varchar(32) CHARACTER SET utf8 COLLATE utf8_bin NULL DEFAULT NULL COMMENT '菜品名称 （冗余字段）',
  `price` decimal(10, 2) NULL DEFAULT NULL COMMENT '菜品单价（冗余字段）',
  `copies` int(11) NULL DEFAULT NULL COMMENT '菜品份数',
  PRIMARY KEY (`id`) USING BTREE
) ENGINE = InnoDB AUTO_INCREMENT = 11 CHARACTER SET = utf8 COLLATE = utf8_bin COMMENT = '套餐菜品关系' ROW_FORMAT = Dynamic;

-- ----------------------------
-- Records of setmeal_dish
-- ----------------------------
INSERT INTO `setmeal_dish` VALUES (7, 2, 65, '草鱼2斤', 68.00, 1);
INSERT INTO `setmeal_dish` VALUES (8, 3, 65, '草鱼2斤', 68.00, 1);
INSERT INTO `setmeal_dish` VALUES (9, 3, 66, '江团鱼2斤', 119.00, 1);
INSERT INTO `setmeal_dish` VALUES (10, 3, 67, '鮰鱼2斤', 72.00, 1);

-- ----------------------------
-- Table structure for shopping_cart
-- ----------------------------
DROP TABLE IF EXISTS `shopping_cart`;
CREATE TABLE `shopping_cart`  (
  `id` bigint(20) NOT NULL AUTO_INCREMENT COMMENT '主键',
  `name` varchar(32) CHARACTER SET utf8 COLLATE utf8_bin NULL DEFAULT NULL COMMENT '商品名称',
  `image` varchar(255) CHARACTER SET utf8 COLLATE utf8_bin NULL DEFAULT NULL COMMENT '图片',
  `user_id` bigint(20) NOT NULL COMMENT '主键',
  `dish_id` bigint(20) NULL DEFAULT NULL COMMENT '菜品id',
  `setmeal_id` bigint(20) NULL DEFAULT NULL COMMENT '套餐id',
  `dish_flavor` varchar(50) CHARACTER SET utf8 COLLATE utf8_bin NULL DEFAULT NULL COMMENT '口味',
  `number` int(11) NOT NULL DEFAULT 1 COMMENT '数量',
  `amount` decimal(10, 2) NOT NULL COMMENT '金额',
  `create_time` datetime NULL DEFAULT NULL COMMENT '创建时间',
  PRIMARY KEY (`id`) USING BTREE
) ENGINE = InnoDB AUTO_INCREMENT = 1 CHARACTER SET = utf8 COLLATE = utf8_bin COMMENT = '购物车' ROW_FORMAT = Dynamic;

-- ----------------------------
-- Records of shopping_cart
-- ----------------------------

-- ----------------------------
-- Table structure for user
-- ----------------------------
DROP TABLE IF EXISTS `user`;
CREATE TABLE `user`  (
  `id` bigint(20) NOT NULL AUTO_INCREMENT COMMENT '主键',
  `openid` varchar(45) CHARACTER SET utf8 COLLATE utf8_bin NULL DEFAULT NULL COMMENT '微信用户唯一标识',
  `name` varchar(32) CHARACTER SET utf8 COLLATE utf8_bin NULL DEFAULT NULL COMMENT '姓名',
  `phone` varchar(11) CHARACTER SET utf8 COLLATE utf8_bin NULL DEFAULT NULL COMMENT '手机号',
  `sex` varchar(2) CHARACTER SET utf8 COLLATE utf8_bin NULL DEFAULT NULL COMMENT '性别',
  `id_number` varchar(18) CHARACTER SET utf8 COLLATE utf8_bin NULL DEFAULT NULL COMMENT '身份证号',
  `avatar` varchar(500) CHARACTER SET utf8 COLLATE utf8_bin NULL DEFAULT NULL COMMENT '头像',
  `create_time` datetime NULL DEFAULT NULL,
  PRIMARY KEY (`id`) USING BTREE
) ENGINE = InnoDB AUTO_INCREMENT = 2 CHARACTER SET = utf8 COLLATE = utf8_bin COMMENT = '用户信息' ROW_FORMAT = Dynamic;

-- ----------------------------
-- Records of user
-- ----------------------------
INSERT INTO `user` VALUES (1, 'oJKEt5VedtUO1FsRIwFP678fUBV8', NULL, NULL, NULL, NULL, NULL, '2023-08-27 23:39:43');

SET FOREIGN_KEY_CHECKS = 1;
